{
  "dur": 600,
  "reps": 3,
  "sr": 44100,
  "at": "2026-07-09T14:39:34.573Z",
  "results": {
    "wav_decode": {
      "audio": 966.547208,
      "sox": 51.49708400000236,
      "ffmpeg": 72.78304099998786,
      "librosa": 84.4,
      "pedalboard": 35.2
    },
    "mp3_decode": {
      "audio": 1567.102041,
      "ffmpeg": 487.24008399999,
      "librosa": 273.9,
      "pedalboard": 432.2
    },
    "normalize": {
      "audio": 1889.2182089999988,
      "sox": 462.46716699999524
    },
    "lufs": {
      "audio": 973.4453749999993,
      "ffmpeg": 336.8970829999889
    },
    "resample": {
      "audio": 2003.7744999999995,
      "sox": 1018.7369999999937,
      "ffmpeg": 270.2462499999965,
      "librosa": 580.5,
      "pedalboard": 6242.5
    },
    "stretch": {
      "audio": 8743.725541,
      "sox": 5538.806375000015,
      "ffmpeg": 640.4915420000034,
      "librosa": 6979.3
    },
    "pitch": {
      "audio": 15156.042250000013,
      "sox": 5742.728167000023,
      "ffmpeg": 794.0207919999957,
      "librosa": 6622.7,
      "pedalboard": 9288.4
    },
    "fft": {
      "audio": 1219.3872910000064,
      "librosa": 451.6
    },
    "mfcc": {
      "audio": 1289.6004170000087,
      "librosa": 610.3
    },
    "beat": {
      "audio": 1112.2713750000112,
      "librosa": 1164.6
    }
  }
}
